,ID,TOOL_ID,Tool,TOOL_ID (#1),TOOL_ID (#2),TOOL_ID (#3),Tool (#2),tool (#1),TOOL,TOOL (#1),TOOL (#2),Tool (#1),tool,Tool (#3)
0,ID001,N,B,E,E,E0,C,W,D,YX1,A,329,3009,11
1,ID002,M,B,E,E,E0,C,X,D,YX1,A,215,4106,11
2,ID003,L,B,E,E,E0,C,W,D,YX1,A,329,3009,11
3,ID004,M,B,E,E,E0,B,X,D,YX1,A,215,3009,11
4,ID005,M,B,E,E,E0,B,W,D,YX1,A,215,3009,13
5,ID006,M,B,E,E,E0,B,W,D,YX1,A,215,3009,12
6,ID007,N,B,E,E,E0,B,X,D,YX1,A,329,4106,13
7,ID010,N,B,E,E,E0,C,W,D,YX1,A,530,4106,14
8,ID011,N,B,E,E,E0,C,X,D,YX1,A,530,3009,15
9,ID012,M,B,E,E,E0,C,V,D,YX1,A,1113,3009,11
10,ID013,L,B,E,E,E0,C,W,D,YX1,A,1018,3009,13
11,ID015,J,B,E,E,E0,B,V,D,YX1,A,329,4106,11
12,ID018,J,B,E,E,E0,B,X,D,YX1,A,215,3009,11
13,ID019,J,B,E,E,E0,B,W,D,YX1,A,329,4106,11
14,ID032,M,B,E,D,E0,B,W,D,YX1,A,329,4106,13
15,ID033,L,B,E,D,E0,B,V,D,YX1,A,215,3009,13
16,ID034,N,B,E,D,E0,B,X,D,YX1,A,329,4106,14
17,ID035,M,B,E,D,E0,B,W,D,YX1,A,215,3009,14
18,ID036,L,B,E,D,E0,B,V,D,YX1,A,329,4106,14
19,ID037,N,B,E,D,E0,B,X,D,YX1,A,215,3009,15
20,ID040,M,B,E,D,E0,B,W,D,YX1,A,329,4106,15
21,ID042,L,B,E,D,E0,B,V,D,YX1,A,215,3009,15
22,ID044,N,B,E,D,E0,B,X,D,YX1,A,329,4106,11
23,ID046,M,B,E,D,E0,B,W,D,YX1,A,215,3009,11
24,ID049,N,B,N,E,N0,C,V,C,YX1,A,530,4147,6
25,ID051,L,B,N,E,N0,C,V,C,YX1,A,1018,3009,10
26,ID056,N,B,E,D,E0,B,V,D,YX1,A,215,3009,11
27,ID063,L,B,N,E,N0,B,X,D,YX1,A,329,4106,7
28,ID064,N,B,N,E,N0,B,V,D,YX1,A,215,3009,10
29,ID067,N,B,N,E,N0,C,W,C,YX1,A,1110,2409,10
30,ID069,L,B,N,E,N0,C,X,C,YX1,A,1245,2409,9
31,ID071,N,B,E,E,E0,B,X,D,YX1,A,329,4106,12
32,ID072,L,B,E,E,E0,B,W,D,YX1,A,215,4147,12
33,ID073,N,B,E,E,E0,B,X,D,YX1,A,329,3009,12
34,ID074,J,B,E,D,E0,C,X,D,YX1,A,530,4147,13
35,ID075,J,B,E,D,E0,C,V,D,YX1,A,1113,3009,13
36,ID076,J,B,E,D,E0,C,W,D,YX1,A,1018,4106,13
37,ID086,M,B,E,E,E0,C,W,D,YX1,A,1245,4106,11
38,ID091,M,B,E,E,E0,C,W,D,YX1,A,1110,3009,12
39,ID093,N,B,E,E,E0,B,V,D,YX1,A,1018,4106,11
40,ID095,M,B,E,E,E0,B,X,D,YX1,A,530,3009,14
41,ID097,M,B,E,E,E0,B,V,D,YX1,A,1018,4106,12
42,ID098,N,B,E,E,E0,B,S,D,YX1,A,329,4106,11
43,ID099,M,B,E,E,E0,C,T,D,YX1,A,215,4106,13
44,ID100,N,B,E,E,E0,B,W,D,YX1,A,530,3009,12
45,ID101,M,B,E,E,E0,C,U,D,YX1,A,329,3009,11
46,ID107,J,B,E,E,E0,B,X,D,YX1,A,1245,3009,11
47,ID108,J,B,E,E,E0,B,W,D,YX1,A,2823,4106,11
48,ID110,J,B,E,E,E0,B,X,D,YX1,A,1110,3009,11
49,ID115,J,B,E,E,E0,B,U,D,YX1,A,215,4106,11
50,ID116,J,B,E,E,E0,B,W,D,YX1,A,329,4106,6
51,ID117,J,B,E,E,E0,B,T,D,YX1,A,329,3009,14
52,ID118,J,B,E,E,E0,B,X,D,YX1,A,215,3009,7
53,ID119,J,B,E,D,E0,B,V,D,YX1,A,1245,4147,9
54,ID120,L,B,E,E,E0,C,X,D,YX1,A,1245,3009,13
55,ID121,L,B,E,E,E0,C,W,D,YX1,A,2823,4106,11
56,ID122,L,B,E,E,E0,B,W,D,YX1,A,1110,4106,13
57,ID123,N,B,E,E,E0,B,W,D,YX1,A,1245,4147,13
58,ID124,L,B,E,E,E0,B,W,D,YX1,A,2823,3009,13
59,ID125,N,B,E,D,E0,B,X,C,YX1,A,2823,4106,13
60,ID126,N,B,E,D,E0,B,W,C,YX1,A,1110,4147,13
61,ID127,N,B,E,D,E0,B,X,C,YX1,A,1245,4106,14
62,ID132,J,B,E,D,E0,B,V,D,YX1,A,1110,4147,9
63,ID135,L,B,E,E,E0,B,W,D,YX1,A,215,4106,13
64,ID136,N,B,E,E,E0,B,X,D,YX1,A,329,4106,14
65,ID137,M,B,E,E,E0,B,W,D,YX1,A,215,4106,14
66,ID138,N,B,E,E,E0,C,S,D,YX1,A,329,3009,13
67,ID144,J,B,E,E,E0,B,X,D,YX1,A,1245,4106,6
68,ID145,J,B,E,E,E0,B,X,D,YX1,A,1245,4106,10
69,ID146,J,B,E,E,E0,B,W,D,YX1,A,2823,3009,10
70,ID147,J,B,E,E,E0,B,W,D,YX1,A,2823,3009,9
71,ID150,M,B,E,E,E0,B,X,D,XY1,A,215,4147,15
72,ID154,M,B,N,E,N0,B,V,D,YX1,A,1245,4106,8
73,ID158,M,B,E,E,E0,B,V,D,YX1,A,215,4106,6
74,ID159,L,B,E,E,E0,B,X,D,YX1,A,329,4106,8
75,ID160,L,B,E,E,E0,B,X,D,YX1,A,329,4106,14
76,ID161,M,B,E,E,E0,B,X,D,YX1,A,329,4106,12
77,ID162,N,B,E,E,E0,B,X,D,YX1,A,329,4106,13
78,ID163,M,B,E,E,E0,B,X,D,YX1,A,329,3009,11
79,ID164,N,B,E,E,E0,B,W,D,YX1,A,329,3009,12
80,ID167,N,B,N,E,N0,B,X,D,YX1,A,1113,4106,7
81,ID168,N,B,E,D,E0,A,X,C,YX1,A,215,4147,6
82,ID169,M,B,E,D,E0,A,W,C,YX1,A,329,4106,6
83,ID170,L,B,E,D,E0,A,X,C,YX1,A,215,4147,7
84,ID171,N,B,E,E,E0,B,X,D,YX1,A,329,4106,15
85,ID172,N,B,E,E,E0,B,W,D,YX1,A,215,3009,14
86,ID173,J,B,E,E,E0,B,X,D,YX1,A,1245,3009,9
87,ID174,M,B,N,E,N0,C,T,D,YX1,A,1245,4106,8
88,ID175,J,B,E,E,E0,B,V,D,YX1,A,1110,3009,9
89,ID177,J,B,E,E,E0,B,V,D,YX1,A,1110,3009,6
90,ID178,M,B,N,E,N0,C,S,D,YX1,A,1110,3009,6
91,ID179,J,B,E,E,E0,B,V,D,YX1,A,1110,3009,8
92,ID181,J,B,E,E,E0,B,X,D,YX1,A,1245,4106,9
93,ID182,J,B,E,E,E0,B,W,D,YX1,A,329,3009,15
94,ID183,J,B,E,E,E0,B,V,D,YX1,A,215,3009,13
95,ID187,M,B,E,E,E0,B,W,D,YX1,A,2823,3009,14
96,ID189,N,B,E,E,E0,B,X,D,YX1,A,1110,4106,13
97,ID190,N,B,E,E,E0,C,V,D,YX1,A,1113,4106,14
98,ID191,J,B,E,E,E0,B,X,D,YX1,A,215,3009,14
99,ID192,O,B,E,D,E0,B,W,D,YX1,A,1018,4106,7
100,ID193,N,B,E,D,E0,B,W,D,YX1,A,530,4147,7
101,ID194,O,B,E,D,E0,B,W,D,YX1,A,1113,4106,8
102,ID201,O,B,E,D,E0,B,S,C,YX1,A,329,4147,6
103,ID202,M,B,E,D,E0,A,W,C,YX1,A,329,4106,6
104,ID203,L,B,E,D,E0,A,X,C,YX1,A,215,4147,7
105,ID204,L,B,E,D,E0,B,S,D,YX1,A,215,4106,15
106,ID205,L,B,E,D,E0,A,X,C,YX1,A,215,4147,8
107,ID206,M,B,E,D,E0,A,W,C,YX1,A,329,4106,8
108,ID207,N,B,E,D,E0,B,S,D,YX1,A,329,4147,15
109,ID208,N,B,E,D,E0,B,S,D,YX1,A,215,3009,11
110,ID212,M,B,E,E,E0,C,U,D,YX1,A,2823,4106,12
111,ID213,N,B,E,E,E0,C,T,D,YX1,A,1110,3009,15
112,ID215,N,B,E,E,E0,B,W,D,YX1,A,329,4147,11
113,ID218,N,B,E,E,E0,B,X,D,YX1,A,215,4147,15
114,ID219,L,B,E,E,E0,B,W,D,YX1,A,329,4106,13
115,ID220,N,B,E,E,E0,B,V,D,YX1,A,215,3009,12
116,ID225,M,B,E,D,E0,B,V,D,YX1,A,329,3009,6
117,ID226,L,B,E,D,E0,B,X,D,YX1,A,215,4106,8
118,ID227,L,B,E,E,E0,B,X,D,YX1,A,215,4147,11
119,ID228,M,B,E,E,E0,C,X,D,YX1,A,215,4106,14
120,ID229,J,B,E,E,E0,B,X,D,YX1,A,1245,4106,7
121,ID230,J,B,E,E,E0,B,X,D,YX1,A,1245,3009,8
122,ID231,L,B,E,D,E0,B,V,D,YX1,A,329,3009,9
123,ID233,L,B,E,D,E0,B,W,D,YX1,A,1245,4106,6
124,ID242,N,B,E,E,E0,B,U,D,YX1,A,1245,4147,13
125,ID244,M,B,E,E,E0,B,S,D,YX1,A,2823,3009,11
126,ID245,N,B,N,E,N0,C,S,D,YX1,A,215,4106,9
127,ID246,J,B,E,D,E0,C,V,D,YX1,A,1113,3009,11
128,ID247,M,B,N,E,N0,C,T,D,YX1,A,329,3009,7
129,ID248,J,B,E,E,E0,C,X,D,YX1,A,2823,3009,14
130,ID250,J,B,E,E,E0,C,W,D,YX1,A,1245,4106,13
131,ID252,M,B,E,D,E0,A,W,D,YX1,A,215,3009,14
132,ID253,M,B,E,D,E0,A,X,D,YX1,A,329,4147,14
133,ID254,M,B,E,E,E0,C,W,D,YX1,A,1110,4106,6
134,ID255,L,B,E,D,E0,A,W,D,YX1,A,215,4106,15
135,ID256,M,B,E,E,E0,C,X,D,YX1,A,1245,4147,8
136,ID257,N,B,E,E,E0,B,X,D,YX1,A,329,4147,14
137,ID258,N,B,E,E,E0,B,W,D,YX1,A,215,3009,13
138,ID259,N,B,E,D,E0,B,V,D,YX1,A,329,3009,9
139,ID260,N,B,E,E,E0,B,W,D,YX1,A,215,4147,15
140,ID261,L,B,E,D,E0,B,W,D,YX1,A,215,4106,8
141,ID262,J,B,E,E,E0,B,X,D,YX1,A,215,4106,12
142,ID263,J,B,E,E,E0,B,W,D,YX1,A,329,3009,15
143,ID264,N,B,E,E,E0,C,T,D,YX1,A,2823,3009,13
144,ID270,L,B,E,E,E0,B,U,D,YX1,A,215,3009,12
145,ID271,L,B,E,E,E0,B,X,D,YX1,A,2823,4106,14
146,ID272,N,B,E,E,E0,B,S,D,YX1,A,329,4106,15
147,ID273,N,B,E,E,E0,B,W,D,YX1,A,1110,3009,15
148,ID274,J,B,E,D,E0,C,W,D,YX1,A,1110,4147,15
149,ID277,M,B,E,D,E0,C,W,D,YX1,A,1110,4106,9
150,ID278,M,B,E,D,E0,C,X,D,YX1,A,2823,4147,6
151,ID279,J,B,E,E,E0,B,W,D,YX1,A,530,3009,14
152,ID280,J,B,E,E,E0,B,X,D,YX1,A,1018,4106,14
153,ID281,J,B,E,E,E0,B,W,D,YX1,A,1113,4147,15
154,ID286,N,B,E,E,E0,B,W,D,YX1,A,215,4106,14
155,ID288,J,B,E,E,E0,B,W,D,YX1,A,2823,4106,14
156,ID289,L,A,E,D,E0,B,X,C,YX1,A,2823,4147,12
157,ID290,L,A,E,D,E0,B,W,C,YX1,A,1110,3009,12
158,ID291,J,B,E,E,E0,C,X,D,YX1,A,1110,4147,14
159,ID292,L,A,E,D,E0,B,X,C,YX1,A,2823,4106,14
160,ID293,L,A,E,D,E0,B,W,C,YX1,A,1110,4147,14
161,ID294,J,B,E,E,E0,C,W,D,YX1,A,1245,3009,12
162,ID295,L,A,E,D,E0,B,X,C,YX1,A,2823,4147,14
163,ID296,K,B,E,C,E0,A,X,D,YX1,A,1110,4106,13
164,ID297,L,A,E,D,E0,B,W,C,YX1,A,1110,3009,14
165,ID298,K,B,E,C,E0,A,W,D,YX1,A,2823,4147,13
166,ID299,L,B,E,E,E0,B,W,D,YX1,A,329,3009,11
167,ID300,K,B,E,C,E0,A,X,D,YX1,A,1110,3009,14
168,ID301,K,B,E,C,E0,A,W,D,YX1,A,2823,3009,12
169,ID303,K,B,E,C,E0,A,X,D,YX1,A,1110,4106,12
170,ID304,N,B,E,D,E0,B,S,C,YX1,A,215,4106,11
171,ID305,K,B,E,C,E0,A,W,D,YX1,A,2823,4147,12
172,ID306,M,B,E,D,E0,B,T,C,YX1,A,329,4147,11
173,ID307,O,B,E,D,E0,B,U,C,YX1,A,215,4106,11
174,ID308,M,B,E,D,E0,B,S,C,YX1,A,215,4106,15
175,ID310,O,B,E,D,E0,B,T,C,YX1,A,329,4147,15
176,ID311,N,B,E,D,E0,B,U,C,YX1,A,215,4106,15
177,ID312,N,B,E,D,E0,B,U,C,YX1,A,329,4147,13
178,ID313,M,B,E,D,E0,B,T,C,YX1,A,215,4106,14
179,ID314,O,B,E,D,E0,B,U,C,YX1,A,329,4147,14
180,ID315,K,B,E,C,E0,A,W,D,YX1,A,2823,3009,11
181,ID316,K,B,E,C,E0,A,X,D,YX1,A,1110,4106,11
182,ID317,K,B,E,C,E0,A,W,D,YX1,A,2823,4147,11
183,ID318,L,A,E,D,E0,B,X,C,YX1,A,2823,4106,13
184,ID319,L,A,E,D,E0,B,W,C,YX1,A,1110,3009,13
185,ID320,L,A,E,D,E0,B,W,C,YX1,A,1110,4106,13
186,ID321,N,B,E,D,E0,B,W,D,YX1,A,2823,4106,13
187,ID322,N,B,E,D,E0,B,X,D,YX1,A,1110,4147,11
188,ID328,N,B,E,E,E0,B,W,D,YX1,A,329,4147,6
189,ID330,M,B,E,E,E0,B,X,D,YX1,A,215,4106,6
190,ID331,N,B,E,E,E0,B,W,D,YX1,A,329,4147,9
191,ID332,M,B,E,E,E0,B,X,D,YX1,A,215,4106,9
192,ID334,J,B,E,C,E0,C,W,D,YX1,A,329,4106,10
193,ID335,J,B,E,C,E0,C,X,D,YX1,A,215,4147,10
194,ID336,J,B,E,C,E0,C,W,D,YX1,A,329,3009,6
195,ID338,K,B,N,C,N0,C,S,D,YX1,A,329,3009,7
196,ID339,K,B,N,C,N0,C,S,D,YX1,A,215,4106,7
197,ID340,J,B,E,D,E0,B,W,D,YX1,A,2823,3009,6
198,ID341,K,B,N,C,N0,C,S,D,YX1,A,329,4147,8
199,ID342,K,B,N,C,N0,C,S,D,YX1,A,215,4147,7
200,ID343,J,B,E,D,E0,B,X,D,YX1,A,1110,4106,8
201,ID344,K,B,N,C,N0,C,S,D,YX1,A,329,3009,8
202,ID345,K,B,N,C,N0,C,S,D,YX1,A,215,4106,8
203,ID346,K,B,N,C,N0,C,S,D,YX1,A,215,4147,8
204,ID347,K,B,N,C,N0,C,S,D,YX1,A,329,3009,9
205,ID348,K,B,N,C,N0,C,S,D,YX1,A,215,4106,9
206,ID351,N,B,E,E,E0,B,W,D,YX1,A,329,3009,11
207,ID352,M,B,N,E,N0,B,V,D,YX1,A,530,3009,6
208,ID353,L,B,E,E,E0,B,V,D,YX1,A,329,3009,14
209,ID354,N,B,E,E,E0,B,X,D,YX1,A,215,4147,14
210,ID355,L,B,E,E,E0,B,X,D,YX1,A,215,4106,13
211,ID356,J,B,E,C,E0,C,X,D,YX1,A,215,4147,7
212,ID357,J,B,E,C,E0,C,W,D,YX1,A,329,3009,7
213,ID358,J,B,E,C,E0,C,X,D,YX1,A,215,3009,7
214,ID359,J,B,E,C,E0,C,W,D,YX1,A,329,4106,7
215,ID360,N,B,E,C,E0,A,W,D,YX1,A,329,3009,11
216,ID361,O,B,E,C,E0,A,X,D,YX1,A,215,4106,11
217,ID362,N,B,E,C,E0,A,W,D,YX1,A,329,4147,12
218,ID363,M,B,E,C,E0,A,X,D,YX1,A,1110,4147,13
219,ID364,L,B,E,C,E0,A,W,D,YX1,A,2823,3009,13
220,ID365,M,B,E,C,E0,A,X,D,YX1,A,1110,4106,13
221,ID366,L,B,E,E,E0,C,W,D,YX1,A,215,4106,13
222,ID367,N,B,N,E,N0,B,X,D,YX1,A,1113,4106,9
223,ID368,L,B,N,E,N0,B,V,D,YX1,A,1018,3009,9
224,ID369,M,B,N,E,N0,B,X,D,YX1,A,530,4106,9
225,ID370,K,B,E,C,E0,A,W,D,YX1,A,215,3009,14
226,ID371,O,B,E,C,E0,B,X,D,YX1,A,1110,3009,12
227,ID372,L,B,E,C,E0,A,W,D,YX1,A,2823,4106,15
228,ID373,M,B,E,C,E0,B,W,D,YX1,A,2823,4147,13
229,ID374,M,B,E,C,E0,A,X,D,YX1,A,1110,4147,11
230,ID375,M,B,E,C,E0,B,W,D,YX1,A,2823,4147,15
231,ID376,O,B,E,C,E0,A,W,D,YX1,A,2823,3009,11
232,ID377,M,B,E,C,E0,A,S,D,YX1,A,215,4147,11
233,ID379,L,B,E,C,E0,A,S,D,YX1,A,329,3009,11
234,ID380,M,B,E,D,E0,B,W,C,YX1,A,215,3009,6
235,ID381,M,B,E,C,E0,A,S,D,YX1,A,215,4106,12
236,ID382,M,B,E,D,E0,B,W,C,YX1,A,215,3009,8
237,ID383,L,B,E,C,E0,A,S,D,YX1,A,329,4147,13
238,ID384,M,B,E,C,E0,A,S,D,YX1,A,215,3009,13
239,ID385,L,B,E,C,E0,A,S,D,YX1,A,329,4106,14
240,ID386,J,B,E,D,E0,B,V,D,YX1,A,1245,4147,8
241,ID387,J,B,E,D,E0,B,W,D,YX1,A,2823,3009,8
242,ID388,J,B,E,D,E0,B,X,D,YX1,A,1110,4106,9
243,ID389,K,B,E,C,E0,A,W,D,YX1,A,329,4106,11
244,ID390,K,B,E,C,E0,A,W,D,YX1,A,215,4147,12
245,ID391,J,B,E,D,E0,B,W,D,YX1,A,2823,3009,10
246,ID392,K,B,E,C,E0,A,W,D,YX1,A,329,3009,12
247,ID393,J,B,E,D,E0,B,X,D,YX1,A,1110,4106,10
248,ID394,K,B,E,C,E0,A,W,D,YX1,A,215,3009,15
249,ID395,K,B,E,C,E0,A,X,D,YX1,A,329,4106,15
250,ID397,K,B,E,C,E0,A,W,D,YX1,A,215,4147,11
251,ID398,N,B,E,E,E0,B,S,D,YX1,A,329,4106,12
252,ID399,K,B,E,C,E0,A,X,D,YX1,A,329,4106,14
253,ID401,K,B,E,C,E0,A,W,D,YX1,A,215,4147,15
254,ID402,M,B,E,E,E0,B,T,D,YX1,A,215,4147,12
255,ID403,N,B,E,E,E0,B,U,D,YX1,A,329,3009,13
256,ID405,L,B,E,E,E0,B,S,D,YX1,A,215,4106,13
257,ID407,M,B,E,E,E0,B,T,D,YX1,A,329,4147,13
258,ID411,O,B,E,D,E0,A,S,D,YX1,A,215,4147,13
259,ID412,O,B,E,D,E0,B,V,D,YX1,A,215,4106,7
260,ID413,N,B,E,D,E0,A,S,D,YX1,A,329,3009,13
261,ID414,L,B,E,E,E0,B,W,D,YX1,A,215,4106,15
262,ID415,N,B,E,E,E0,B,W,D,YX1,A,329,3009,15
263,ID416,O,B,E,D,E0,A,S,D,YX1,A,215,4147,13
264,ID418,M,B,N,D,N0,A,Q,D,YX1,A,215,3009,14
265,ID420,L,B,N,D,N0,A,R,D,YX1,A,329,4147,14
266,ID421,M,B,N,D,N0,A,P,D,YX1,A,215,3009,13
267,ID422,L,B,N,D,N0,A,Q,D,YX1,A,329,4147,14
268,ID423,M,B,N,D,N0,A,Q,D,YX1,A,215,3009,12
269,ID424,L,B,N,D,N0,A,R,D,YX1,A,329,4147,12
270,ID425,N,B,E,E,E0,B,X,D,YX1,A,1245,4147,11
271,ID426,J,B,E,D,E0,B,X,D,YX1,A,1110,4106,9
272,ID427,J,B,E,D,E0,B,X,D,YX1,A,2823,4147,6
273,ID428,N,B,N,E,N0,B,X,D,YX1,A,1113,4106,6
274,ID429,M,B,N,E,N0,B,X,D,YX1,A,530,4106,6
275,ID430,M,B,N,D,N0,A,X,D,YX1,A,1018,3009,15
276,ID432,M,B,N,D,N0,A,W,D,YX1,A,1113,3009,11
277,ID435,M,B,N,D,N0,A,X,D,YX1,A,1018,3009,11
278,ID436,J,B,E,D,E0,B,X,D,YX1,A,1245,4106,13
279,ID437,J,B,E,D,E0,B,V,D,YX1,A,1110,3009,11
280,ID441,N,B,N,C,N0,A,W,D,YX1,A,215,3009,15
281,ID442,K,B,E,C,E0,A,X,D,YX1,A,329,4147,6
282,ID443,O,B,N,C,N0,A,X,D,YX1,A,329,4106,15
283,ID444,K,B,E,C,E0,A,W,D,YX1,A,215,3009,6
284,ID445,O,B,N,C,N0,A,X,D,YX1,A,329,3009,13
285,ID446,K,B,E,C,E0,A,X,D,YX1,A,329,4106,7
286,ID447,N,B,N,C,N0,A,W,D,YX1,A,215,4106,13
287,ID448,K,B,E,C,E0,A,X,D,YX1,A,329,3009,6
288,ID449,N,B,N,C,N0,A,W,D,YX1,A,215,3009,13
289,ID450,K,B,E,C,E0,A,W,D,YX1,A,215,4106,6
290,ID452,O,B,N,C,N0,A,X,D,YX1,A,329,4106,13
291,ID453,K,B,E,C,E0,A,X,D,YX1,A,329,4147,7
292,ID455,K,B,E,C,E0,A,W,D,YX1,A,215,4106,7
293,ID456,N,B,E,D,E0,A,W,D,YX1,A,1110,3009,6
294,ID457,K,B,E,C,E0,A,X,D,YX1,A,329,4147,8
295,ID458,K,B,E,C,E0,A,W,D,YX1,A,215,3009,8
296,ID460,N,B,E,E,E0,C,X,D,YX1,A,2823,3009,10
297,ID461,N,B,E,E,E0,C,W,D,YX1,A,1110,4106,7
298,ID462,M,B,E,C,E0,A,U,D,YX1,A,215,3009,12
299,ID463,L,B,E,C,E0,A,T,D,YX1,A,329,3009,13
300,ID464,M,B,E,C,E0,A,S,D,YX1,A,215,3009,13
301,ID465,M,B,E,E,E0,C,W,D,YX1,A,1110,3009,11
302,ID466,L,B,E,E,E0,C,X,D,YX1,A,2823,4147,13
303,ID466,M,B,E,E,E0,C,X,D,YX1,A,2823,4147,13
304,ID467,M,B,E,E,E0,C,W,D,YX1,A,2823,4147,14
305,ID468,L,B,E,E,E0,C,X,D,YX1,A,1110,3009,14
306,ID469,M,B,E,E,E0,C,W,D,YX1,A,1245,4106,14
307,ID470,N,B,E,E,E0,B,T,D,YX1,A,215,4147,11
308,ID471,L,B,E,E,E0,C,X,D,YX1,A,2823,4147,15
309,ID472,M,B,E,E,E0,B,U,D,YX1,A,215,3009,15
310,ID473,J,B,E,D,E0,B,X,D,YX1,A,1110,4106,6
311,ID474,M,B,E,C,E0,A,X,D,YX1,A,215,3009,9
312,ID475,J,B,E,D,E0,B,V,D,YX1,A,1245,4147,7
313,ID476,L,B,E,C,E0,A,W,D,YX1,A,329,4106,9
314,ID477,J,B,E,D,E0,B,W,D,YX1,A,2823,3009,7
315,ID478,M,B,E,C,E0,A,X,D,YX1,A,215,3009,6
316,ID479,J,B,E,D,E0,B,X,D,YX1,A,1110,4106,8
317,ID480,L,B,E,C,E0,A,W,D,YX1,A,329,4106,6
318,ID481,J,B,E,D,E0,B,V,D,YX1,A,1245,4147,8
319,ID482,N,B,E,D,E0,B,X,D,YX1,A,329,3009,11
320,ID483,J,B,E,D,E0,B,W,D,YX1,A,2823,3009,9
321,ID484,J,B,E,D,E0,B,X,D,YX1,A,1110,4106,9
322,ID485,M,B,E,D,E0,B,W,D,YX1,A,215,3009,14
323,ID486,J,B,E,D,E0,B,V,D,YX1,A,1245,4147,10
324,ID487,J,B,E,D,E0,B,W,D,YX1,A,2823,3009,10
325,ID488,O,B,E,D,E0,B,W,D,YX1,A,1245,4147,9
326,ID489,J,B,E,D,E0,B,X,D,YX1,A,1110,4106,6
327,ID490,M,B,E,D,E0,B,W,D,YX1,A,1245,4147,8
328,ID491,J,B,E,D,E0,B,V,D,YX1,A,1245,4147,6
329,ID492,J,B,E,D,E0,B,W,D,YX1,A,2823,3009,7
330,ID493,J,B,E,D,E0,B,X,D,YX1,A,1110,4106,7
331,ID494,L,B,E,E,E0,C,W,D,YX1,A,2823,3009,6
332,ID495,J,B,E,E,E0,B,X,D,YX1,A,1110,3009,8
333,ID496,J,B,E,E,E0,B,W,D,YX1,A,1245,4106,10
334,ID497,N,B,E,D,E0,B,S,C,YX1,A,215,4106,9
335,ID498,M,B,E,D,E0,B,W,C,YX1,A,1110,4147,11
336,ID499,O,B,E,D,E0,A,W,C,YX1,A,530,3009,8
337,ID500,O,B,E,D,E0,A,X,C,YX1,A,1113,4106,10
338,ID501,L,B,E,D,E0,B,S,D,YX1,A,329,4147,12
339,ID502,J,B,E,D,E0,C,W,D,YX1,A,1110,4106,15
340,ID503,M,B,E,D,E0,A,X,D,YX1,A,329,4147,11
341,ID504,J,B,E,D,E0,C,W,D,YX1,A,1110,4106,13
342,ID508,M,B,E,E,E0,B,W,D,YX1,A,329,4106,14
343,ID509,O,B,E,E,E0,B,W,D,YX1,A,215,4106,13
344,ID512,L,B,E,E,E0,B,X,D,YX1,A,215,4147,13
345,ID515,N,B,E,E,E0,B,X,D,YX1,A,215,3009,15
346,ID516,M,B,E,E,E0,B,W,D,YX1,A,329,3009,11
347,ID518,N,B,E,D,E0,B,X,D,YX1,A,1113,4106,15
348,ID519,L,B,E,E,E0,B,W,D,YX1,A,1110,4147,12
349,ID520,M,B,E,D,E0,B,V,D,YX1,A,1018,3009,14
350,ID521,N,B,E,E,E0,B,W,D,YX1,A,1245,4106,15
351,ID522,M,B,E,E,E0,B,W,D,YX1,A,1110,4147,6
352,ID523,M,B,E,E,E0,B,W,D,YX1,A,1245,4106,9
353,ID524,J,B,E,E,E0,B,X,D,YX1,A,329,3009,6
354,ID525,J,B,E,E,E0,B,W,D,YX1,A,215,4106,8
355,ID526,J,B,E,D,E0,B,X,D,YX1,A,1245,4106,15
356,ID527,J,B,E,D,E0,B,W,D,YX1,A,1245,4106,15
357,ID528,O,B,E,D,E0,A,X,D,YX1,A,329,3009,15
358,ID529,O,B,E,D,E0,A,W,D,YX1,A,215,4147,11
359,ID530,N,B,E,C,E0,A,W,D,YX1,A,1018,4106,15
360,ID531,O,B,E,D,E0,B,W,C,YX1,A,329,4106,11
361,ID534,O,B,E,C,E0,A,X,D,YX1,A,1113,3009,15
362,ID535,N,B,E,C,E0,A,X,D,YX1,A,1018,4147,15
363,ID536,O,B,E,C,E0,A,X,D,YX1,A,215,4106,14
364,ID537,L,A,E,C,E0,B,X,D,YX1,A,1110,3009,14
365,ID538,O,A,E,C,E0,B,W,D,YX1,A,2823,4106,12
366,ID544,M,A,E,D,E0,B,X,D,YX1,A,2823,3009,11
367,ID545,N,B,E,D,E0,A,X,D,YX1,A,2823,4106,7
368,ID546,L,A,E,D,E0,B,X,D,YX1,A,2823,3009,11
369,ID548,M,B,E,D,E0,A,W,C,YX1,A,329,4106,8
370,ID549,M,B,E,D,E0,A,W,D,YX1,A,215,4147,14
371,ID550,L,B,E,D,E0,A,X,D,YX1,A,329,4106,13
372,ID551,K,B,E,C,E0,A,X,D,YX1,A,1110,4147,11
373,ID552,M,B,E,C,E0,B,X,D,YX1,A,1110,4106,14
374,ID553,O,B,E,C,E0,B,W,D,YX1,A,2823,3009,12
375,ID556,M,B,E,C,E0,A,X,D,YX1,A,215,4106,11
376,ID559,L,B,E,C,E0,A,W,D,YX1,A,329,4147,14
377,ID560,O,B,E,D,E0,A,W,D,YX1,A,1018,3009,12
378,ID561,N,B,E,D,E0,A,X,D,YX1,A,1113,4147,12
379,ID562,L,B,E,C,E0,A,S,D,YX1,A,329,3009,14
380,ID563,O,B,E,D,E0,A,W,D,YX1,A,1018,4106,13
381,ID565,O,B,E,D,E0,B,W,D,YX1,A,1018,4106,8
382,ID566,M,B,E,D,E0,A,W,B,YX1,A,215,3009,10
383,ID570,M,B,E,D,E0,B,S,C,YX1,A,329,4147,11
384,ID571,M,B,E,C,E0,A,W,D,YX1,A,1245,4147,11
385,ID572,N,B,E,D,E0,A,S,D,YX1,A,329,4147,11
386,ID575,O,A,E,C,E0,A,X,D,YX1,A,329,4147,14
387,ID578,O,A,E,C,E0,A,W,D,YX1,A,215,4106,15
388,ID579,O,B,E,D,E0,B,W,D,YX1,A,329,3009,9
389,ID580,O,A,E,D,E0,A,X,D,YX1,A,329,4106,11
390,ID581,M,B,N,D,N0,A,P,D,YX1,A,215,3009,14
391,ID582,L,B,E,D,E0,B,W,D,YX1,A,215,3009,6
392,ID583,L,B,N,D,N0,A,R,D,YX1,A,329,4147,13
393,ID584,M,A,E,D,E0,A,W,D,YX1,A,215,4147,13
394,ID585,L,B,E,C,E0,A,X,D,YX1,A,1245,3009,11
395,ID586,L,B,N,D,N0,A,P,D,YX1,A,329,4147,11
396,ID587,O,B,E,D,E0,A,W,B,YX1,A,2823,4106,14
397,ID590,N,B,E,D,E0,A,X,B,YX1,A,1245,3009,15
398,ID593,O,B,E,D,E0,A,W,B,YX1,A,2823,4147,15
399,ID599,J,B,E,D,E0,B,W,D,YX1,A,1110,4106,10
400,ID604,M,B,E,D,E0,B,X,C,YX1,A,1018,4147,6
401,ID605,L,B,E,D,E0,B,W,C,YX1,A,530,4106,8
402,ID606,M,B,E,D,E0,B,W,D,YX1,A,215,3009,9
403,ID607,O,B,E,D,E0,B,W,D,YX1,A,329,3009,10
404,ID608,M,B,E,D,E0,B,W,D,YX1,A,215,4106,10
405,ID609,O,B,E,D,E0,B,W,D,YX1,A,329,3009,6
406,ID610,M,B,E,D,E0,B,W,D,YX1,A,215,4106,6
407,ID611,O,B,E,D,E0,B,W,D,YX1,A,329,3009,7
408,ID612,L,B,E,D,E0,B,W,D,YX1,A,215,4106,7
409,ID613,O,B,E,D,E0,A,X,B,YX1,A,329,3009,10
410,ID614,M,B,E,D,E0,B,W,D,YX1,A,329,3009,8
411,ID615,N,B,E,D,E0,A,W,B,YX1,A,215,4147,10
412,ID616,O,B,E,D,E0,B,W,D,YX1,A,215,3009,8
413,ID617,O,B,E,D,E0,A,X,B,YX1,A,329,4147,7
414,ID618,N,B,E,D,E0,A,W,B,YX1,A,215,4106,7
415,ID619,L,B,E,D,E0,B,W,D,YX1,A,329,3009,9
416,ID620,M,B,E,D,E0,B,W,D,YX1,A,215,3009,9
417,ID621,O,B,E,D,E0,B,W,D,YX1,A,329,3009,10
418,ID622,L,B,E,D,E0,B,W,D,YX1,A,215,3009,10
419,ID623,O,B,E,D,E0,B,W,D,YX1,A,329,3009,6
420,ID624,M,B,E,D,E0,B,W,D,YX1,A,215,3009,6
421,ID625,L,B,E,D,E0,B,W,D,YX1,A,329,3009,7
422,ID626,O,B,E,D,E0,B,W,D,YX1,A,215,3009,7
423,ID627,M,B,E,D,E0,B,W,D,YX1,A,329,3009,8
424,ID628,L,B,E,D,E0,B,W,D,YX1,A,215,3009,8
425,ID629,K,B,N,C,N0,C,S,D,YX1,A,329,4147,6
426,ID630,L,A,E,D,E0,A,W,B,YX1,A,1113,4106,6
427,ID631,O,A,E,D,E0,A,X,B,YX1,A,1018,3009,6
428,ID632,N,A,E,D,E0,A,V,B,YX1,A,1113,4147,7
429,ID633,N,B,E,D,E0,B,W,D,YX1,A,1018,4147,9
430,ID634,O,B,E,D,E0,A,X,B,YX1,A,329,4147,11
431,ID635,M,B,E,D,E0,A,W,B,YX1,A,215,4106,11
432,ID636,L,B,E,D,E0,A,X,B,YX1,A,329,3009,12
433,ID637,L,B,E,D,E0,A,W,B,YX1,A,215,3009,12
434,ID638,O,B,E,D,E0,A,X,B,YX1,A,329,4106,13
435,ID639,M,B,E,D,E0,A,W,B,YX1,A,215,3009,13
436,ID640,M,B,N,D,N0,A,X,B,YX1,A,1018,4106,6
437,ID647,O,B,N,D,N0,A,V,D,YX1,A,329,4147,14
438,ID648,M,B,N,D,N0,A,W,B,YX1,A,1018,4106,8
439,ID650,L,A,E,D,E0,B,V,B,YX1,A,2823,3009,12
440,ID651,N,A,E,D,E0,B,W,B,YX1,A,1110,4106,11
441,ID652,L,A,E,D,E0,B,X,B,YX1,A,1245,4147,11
442,ID654,J,B,E,E,E0,B,T,D,YX1,A,1110,4106,11
443,ID655,J,B,E,E,E0,B,T,D,YX1,A,1245,3009,15
444,ID656,N,A,E,D,E0,B,V,B,YX1,A,329,4147,13
445,ID657,L,B,N,D,N0,B,W,B,YX1,A,1113,3009,7
446,ID658,M,B,N,D,N0,B,X,B,YX1,A,530,4147,7
447,ID659,L,B,N,D,N0,B,W,B,YX1,A,1113,4106,8
448,ID660,L,A,E,D,E0,A,X,B,YX1,A,329,4147,12
449,ID661,L,A,E,D,E0,A,W,B,YX1,A,215,3009,12
450,ID662,L,A,E,D,E0,A,X,B,YX1,A,329,4106,13
451,ID663,N,B,N,D,N0,B,X,D,YX1,A,1018,3009,6
452,ID664,N,B,N,E,N0,C,U,D,YX1,A,215,4106,8
453,ID665,L,B,N,E,N0,C,U,D,YX1,A,215,3009,6
454,ID666,O,B,N,C,N0,A,S,D,YX1,A,215,3009,12
455,ID667,M,B,N,D,N0,A,W,D,YX1,A,1113,3009,14
456,ID668,N,B,N,C,N0,A,S,D,YX1,A,329,4147,15
457,ID669,N,A,E,D,E0,A,V,B,YX1,A,2823,3009,10
458,ID670,N,B,E,D,E0,A,W,B,YX1,A,530,4106,15
459,ID671,J,B,E,E,E0,B,T,D,YX1,A,1245,3009,11
460,ID672,O,B,E,D,E0,A,W,D,YX1,A,1113,3009,13
461,ID673,L,A,E,D,E0,A,W,B,YX1,A,1110,4106,10
462,ID674,L,B,E,D,E0,A,W,D,YX1,A,1018,4147,14
463,ID675,N,A,E,D,E0,A,X,B,YX1,A,1245,4147,6
464,ID676,O,A,N,C,N0,A,X,D,YX1,A,215,3009,15
465,ID678,O,A,N,C,N0,A,X,D,YX1,A,329,3009,11
466,ID681,L,B,E,D,E0,B,X,C,YX1,A,215,4106,13
467,ID682,M,B,E,D,E0,B,W,C,YX1,A,329,4147,11
468,ID683,L,A,E,D,E0,A,X,B,YX1,A,329,4147,7
469,ID684,L,A,E,D,E0,A,W,B,YX1,A,215,3009,7
470,ID685,L,A,E,D,E0,A,V,B,YX1,A,329,4106,8
471,ID686,M,B,E,C,E0,A,S,D,YX1,A,215,4106,13
472,ID687,L,B,E,D,E0,B,W,C,YX1,A,215,3009,10
473,ID688,O,B,N,D,N0,B,W,B,YX1,B,1110,4106,12
474,ID689,O,B,E,D,E0,B,X,C,YX1,A,329,4106,7
475,ID690,N,B,N,D,N0,B,V,B,YX1,B,1245,4147,12
476,ID691,O,B,N,D,N0,B,X,B,YX1,B,2823,3009,13
477,ID692,L,A,E,D,E0,A,W,B,YX1,A,215,4106,15
478,ID693,O,A,E,D,E0,A,S,B,YX1,A,329,3009,8
479,ID694,O,A,E,D,E0,B,W,B,YX1,A,1245,4106,14
480,ID695,O,A,E,D,E0,B,W,B,YX1,A,1245,4106,15
481,ID696,O,A,E,D,E0,B,W,B,YX1,A,1245,4106,11
482,ID697,L,A,E,D,E0,A,W,B,YX1,A,329,3009,10
483,ID699,L,B,E,D,E0,A,X,D,YX1,A,215,4106,14
484,ID700,N,B,E,D,E0,A,W,D,YX1,A,329,4147,14
485,ID701,O,B,E,D,E0,A,X,D,YX1,A,215,3009,15
486,ID702,M,B,E,C,E0,A,T,D,YX1,A,329,3009,11
487,ID703,O,B,E,C,E0,A,W,D,YX1,A,1113,3009,13
488,ID704,K,B,E,C,E0,A,X,D,YX1,A,329,3009,11
489,ID705,O,B,E,D,E0,B,V,D,YX1,A,329,4106,6
490,ID706,L,A,E,D,E0,A,V,B,YX1,A,2823,4106,9
491,ID707,M,B,E,D,E0,B,W,D,YX1,A,215,4147,9
492,ID708,M,B,E,D,E0,A,W,D,YX1,A,215,4147,15
493,ID709,M,B,E,D,E0,A,W,D,YX1,A,215,4147,15
494,ID710,M,B,E,D,E0,A,W,D,YX1,A,215,4147,11
495,ID711,M,B,E,D,E0,A,W,D,YX1,A,215,4147,12
496,ID712,O,A,N,D,N0,B,V,D,YX1,B,530,3009,6
497,ID713,O,A,N,D,N0,B,X,D,YX1,B,1113,4106,6
498,ID714,J,B,E,D,E0,C,X,D,YX1,A,2823,3009,15
499,ID715,O,A,N,D,N0,B,V,D,YX1,B,530,4147,7
0,ID716,J,B,E,D,E0,C,X,D,YX1,A,2823,3009,14
1,ID717,J,B,E,D,E0,C,X,D,YX1,A,2823,4147,13
2,ID719,O,B,E,D,E0,A,W,D,YX1,A,215,4147,9
3,ID720,O,B,E,D,E0,A,W,D,YX1,A,329,4106,8
4,ID721,O,A,E,D,E0,A,X,B,YX1,A,329,4106,10
5,ID722,M,A,E,D,E0,B,V,D,YX1,A,1110,4147,11
6,ID723,N,A,E,D,E0,A,V,B,YX1,A,215,4147,6
7,ID724,L,B,E,D,E0,A,W,D,YX1,A,530,4147,15
8,ID725,L,B,E,D,E0,A,V,D,YX1,A,1113,3009,15
9,ID727,N,B,E,D,E0,A,X,D,YX1,A,530,4106,11
10,ID728,N,B,E,D,E0,A,X,D,YX1,A,1113,4106,11
11,ID729,L,B,E,C,E0,A,X,D,YX1,A,215,4147,11
12,ID730,L,A,E,D,E0,B,W,D,YX1,A,1245,3009,11
13,ID731,N,A,E,D,E0,B,X,D,YX1,A,2823,4106,12
14,ID732,L,B,E,C,E0,A,W,D,YX1,A,329,3009,14
15,ID733,O,A,E,D,E0,B,Q,D,YX1,B,1245,4106,9
16,ID734,O,A,E,D,E0,B,R,D,YX1,B,1245,4147,9
17,ID735,O,B,E,D,E0,A,W,D,YX1,A,215,3009,9
18,ID736,O,A,E,D,E0,B,P,D,YX1,B,2823,3009,10
19,ID737,O,A,E,D,E0,B,R,D,YX1,B,1245,4147,10
20,ID738,N,B,E,D,E0,A,X,D,YX1,A,329,4147,8
21,ID739,O,A,E,D,E0,B,P,D,YX1,B,2823,3009,6
22,ID740,O,A,E,D,E0,B,Q,D,YX1,B,1110,4106,6
23,ID741,O,A,N,D,N0,A,V,D,YX1,B,2823,3009,10
24,ID742,O,A,E,D,E0,B,P,D,YX1,B,2823,3009,10
25,ID743,N,A,N,D,N0,A,X,D,YX1,B,1110,4106,10
26,ID744,O,A,E,D,E0,B,Q,D,YX1,B,1110,4106,6
27,ID745,O,A,E,D,E0,B,R,D,YX1,B,1245,4147,6
28,ID746,O,A,N,D,N0,A,W,D,YX1,B,1245,4147,6
29,ID747,L,A,N,D,N0,B,V,D,YX1,B,1113,4147,9
30,ID749,L,A,N,D,N0,B,W,D,YX1,B,530,3009,10
31,ID751,L,A,N,D,N0,B,V,D,YX1,B,1113,4106,10
32,ID752,L,A,E,D,E0,A,W,D,YX1,A,2823,4147,12
33,ID753,L,A,E,D,E0,A,X,D,YX1,A,1110,4106,13
34,ID757,N,B,E,C,E0,A,W,D,YX1,A,1245,4147,9
35,ID759,N,B,E,C,E0,A,X,D,YX1,A,1110,3009,6
36,ID760,N,A,N,D,N0,B,W,B,XY1,B,1113,4106,9
37,ID761,N,A,E,D,E0,B,W,B,YX1,A,2823,4106,6
38,ID762,N,A,N,D,N0,B,V,B,XY1,B,530,4147,10
39,ID763,N,A,N,D,N0,B,X,B,XY1,B,1113,3009,10
40,ID764,O,A,E,D,E0,B,V,B,YX1,A,1110,3009,6
41,ID765,N,A,N,D,N0,B,W,B,XY1,B,1113,4106,6
42,ID766,N,A,E,D,E0,B,X,B,YX1,A,1245,4147,7
43,ID768,N,A,N,D,N0,B,W,D,YX1,B,1245,4147,14
44,ID769,L,A,E,D,E0,B,R,D,YX1,B,206,4106,11
45,ID770,N,A,N,D,N0,B,W,D,YX1,B,1110,4147,12
46,ID771,L,A,E,D,E0,B,R,D,YX1,B,215,4147,11
47,ID772,N,A,N,D,N0,B,W,D,YX1,B,2823,4106,11
48,ID773,L,A,E,D,E0,B,P,D,YX1,B,329,3009,11
49,ID774,N,A,N,D,N0,B,W,D,YX1,B,2823,4106,14
50,ID776,L,A,E,D,E0,B,Q,D,YX1,B,206,4106,15
51,ID777,O,A,N,D,N0,B,V,D,YX1,B,1245,3009,11
52,ID778,O,A,E,D,E0,A,W,D,YX1,A,215,3009,15
53,ID779,L,A,E,D,E0,B,Q,D,YX1,B,329,3009,13
54,ID781,L,A,E,D,E0,B,R,D,YX1,B,206,4106,14
55,ID783,L,A,E,D,E0,B,P,D,YX1,B,215,4147,14
56,ID785,L,B,E,D,E0,A,X,B,YX1,B,1113,4147,9
57,ID786,M,A,E,D,E0,A,X,D,YX1,A,1110,3009,13
58,ID787,L,A,E,D,E0,A,W,D,YX1,A,2823,4147,14
59,ID788,M,A,E,D,E0,A,X,D,YX1,A,1110,3009,14
60,ID790,N,B,E,D,E0,A,X,B,YX1,A,1245,3009,13
61,ID792,O,A,E,D,E0,B,X,B,YX1,A,1245,4147,8
62,ID793,O,A,E,D,E0,B,W,B,YX1,A,1245,4106,6
63,ID797,M,B,E,D,E0,B,X,B,YX1,A,329,4147,8
64,ID798,L,B,E,D,E0,B,W,B,YX1,A,215,4106,6
65,ID801,M,B,E,C,E0,B,X,D,YX1,A,1110,4147,14
66,ID802,M,B,E,C,E0,B,W,D,YX1,A,2823,4147,12
67,ID803,O,B,E,C,E0,A,X,D,YX1,A,329,4147,12
68,ID804,N,B,E,C,E0,A,W,D,YX1,A,215,3009,11
69,ID806,O,B,E,C,E0,A,W,D,YX1,A,1113,3009,14
70,ID807,O,A,E,C,E0,A,W,D,YX1,A,329,3009,6
71,ID811,O,A,N,D,N0,A,V,B,YX1,B,530,4106,9
72,ID812,O,A,N,D,N0,A,V,B,YX1,B,530,3009,10
73,ID813,N,A,N,D,N0,A,V,B,YX1,B,530,4106,6
74,ID816,M,A,E,D,E0,A,W,B,YX1,A,1113,3009,15
75,ID817,L,A,E,D,E0,A,X,B,YX1,A,530,4106,13
76,ID818,N,A,E,D,E0,A,U,D,YX1,A,1245,3009,12
77,ID819,O,A,E,D,E0,A,S,D,YX1,A,2823,4106,13
78,ID820,O,A,N,D,N0,A,W,B,YX1,B,1113,4147,10
79,ID821,L,B,E,D,E0,A,X,B,YX1,A,329,4147,10
80,ID822,M,B,E,D,E0,A,W,B,YX1,A,215,3009,10
81,ID823,M,B,E,D,E0,A,W,B,YX1,A,215,4106,7
82,ID824,L,B,E,D,E0,A,X,B,YX1,A,329,4147,8
83,ID825,M,B,E,C,E0,A,X,D,YX1,A,215,4147,8
84,ID826,M,B,E,C,E0,A,X,D,YX1,A,215,3009,8
85,ID833,O,B,E,D,E0,A,W,D,YX1,A,215,4147,12
86,ID834,O,B,E,D,E0,A,X,D,YX1,A,329,3009,11
87,ID835,O,A,E,D,E0,A,X,B,YX1,A,1018,3009,8
88,ID838,L,A,E,D,E0,A,W,D,YX1,A,329,4147,8
89,ID839,N,A,E,D,E0,A,W,D,YX1,A,215,3009,10
90,ID841,N,A,E,D,E0,A,X,D,YX1,A,329,3009,6
91,ID844,O,A,E,D,E0,A,V,D,YX1,A,215,4147,6
92,ID848,O,A,E,D,E0,A,V,D,XY1,B,530,4147,1
93,ID849,N,A,E,D,E0,A,X,B,YX1,A,1245,3009,14
94,ID850,L,A,E,D,E0,A,V,B,YX1,A,2823,4147,15
95,ID851,O,A,E,D,E0,A,W,B,YX1,A,1110,3009,15
96,ID852,O,B,N,D,N0,B,X,D,YX1,A,329,3009,15
97,ID853,N,A,E,D,E0,A,V,B,YX1,A,2823,3009,15
98,ID854,K,B,E,C,E0,A,W,D,YX1,A,215,3009,7
99,ID855,L,A,E,D,E0,A,W,B,YX1,A,1110,4147,11
0,ID856,N,B,N,D,N0,B,W,D,YX1,A,215,4147,14
1,ID857,O,A,E,D,E0,A,X,B,YX1,A,1245,3009,11
2,ID858,O,B,N,D,N0,A,W,D,YX1,A,329,3009,13
3,ID859,M,A,E,D,E0,B,X,D,YX1,A,329,4147,12
4,ID860,N,B,N,D,N0,A,W,D,YX1,A,215,4106,11
5,ID861,M,A,E,D,E0,B,W,D,YX1,A,215,4106,13
6,ID862,L,A,E,D,E0,A,W,D,YX1,B,2823,4147,15
7,ID863,L,A,E,D,E0,A,V,D,YX1,B,1110,3009,11
8,ID864,N,B,E,D,E0,A,X,D,YX1,A,1113,4147,15
9,ID865,L,A,E,D,E0,A,W,D,YX1,B,1245,4106,11
10,ID867,O,A,E,D,E0,A,X,B,YX1,A,329,4147,9
11,ID869,O,A,E,D,E0,A,V,B,YX1,A,215,3009,8
12,ID870,O,B,E,D,E0,A,X,B,YX1,A,530,4106,13
13,ID871,L,B,E,D,E0,A,W,D,YX1,A,1018,4147,11
14,ID872,O,A,E,D,E0,B,W,B,YX1,A,329,4106,11
15,ID873,M,B,N,D,N0,B,W,B,YX1,A,530,4147,9
16,ID874,N,A,E,D,E0,B,X,B,YX1,A,329,4106,12
17,ID875,N,A,E,D,E0,B,W,D,YX1,B,2823,3009,10
18,ID876,O,A,E,D,E0,B,V,D,YX1,B,1110,4106,6
19,ID877,N,A,E,D,E0,B,W,D,YX1,B,1245,3009,6
20,ID878,O,B,N,D,N0,A,W,D,YX1,A,329,4106,13
21,ID879,N,B,N,D,N0,A,X,D,YX1,A,215,4147,14
22,ID880,L,A,E,D,E0,B,W,B,YX1,A,1113,4147,6
23,ID881,L,A,E,D,E0,B,V,B,YX1,A,530,4147,8
24,ID882,O,A,E,D,E0,B,X,D,YX1,A,329,4147,11
25,ID883,O,A,E,D,E0,B,W,B,YX1,A,1245,3009,13
26,ID884,L,A,E,D,E0,B,X,B,YX1,A,2823,4106,15
27,ID885,N,A,E,D,E0,B,X,B,YX1,A,1245,4106,9
28,ID886,O,A,E,D,E0,B,V,B,YX1,A,2823,4147,6
29,ID887,J,A,E,D,E0,B,V,D,YX1,B,215,4147,8
30,ID888,J,A,E,D,E0,B,V,D,YX1,B,329,3009,8
31,ID889,J,A,E,D,E0,B,V,D,YX1,B,215,4106,9
32,ID890,J,A,E,D,E0,B,V,D,YX1,B,329,4147,9
33,ID891,J,A,E,D,E0,B,V,D,YX1,B,215,3009,9
34,ID892,J,A,E,D,E0,B,V,D,YX1,B,329,4106,10
35,ID893,L,B,E,D,E0,A,S,D,YX1,A,1245,4147,8
36,ID894,L,B,E,D,E0,A,S,D,YX1,A,1110,4106,6
37,ID895,L,A,N,D,N0,A,V,D,YX1,B,2823,4106,14
38,ID896,L,A,N,D,N0,A,W,D,YX1,B,2823,4106,14
39,ID897,N,B,N,D,N0,A,W,D,YX1,A,215,4106,12
40,ID900,N,A,E,D,E0,B,W,D,YX1,B,1245,3009,6
41,ID901,O,A,E,D,E0,B,V,D,YX1,B,1245,3009,9
42,ID902,O,A,E,D,E0,B,V,D,YX1,B,2823,4106,7
43,ID903,N,B,N,C,N0,A,W,D,YX1,A,215,4147,12
44,ID904,L,A,N,D,N0,B,V,D,YX1,B,215,3009,9
45,ID905,L,A,N,D,N0,B,V,D,YX1,B,329,4106,10
46,ID906,L,A,N,D,N0,B,V,D,YX1,B,215,4147,10
47,ID907,J,A,E,D,E0,B,V,D,YX1,B,215,3009,6
48,ID908,J,A,E,D,E0,B,V,D,YX1,B,329,4106,7
49,ID909,J,A,E,D,E0,B,V,D,YX1,B,215,4147,7
50,ID910,J,A,E,D,E0,B,V,D,YX1,B,329,4106,6
51,ID911,J,A,E,D,E0,B,V,D,YX1,B,215,4147,6
52,ID912,L,A,E,D,E0,A,W,B,YX1,A,215,3009,9
53,ID915,L,A,E,D,E0,A,V,B,YX1,A,2823,3009,11
54,ID916,L,A,E,D,E0,A,W,B,YX1,A,1110,3009,11
55,ID917,O,A,E,D,E0,B,V,B,YX1,A,215,4147,15
56,ID918,L,A,E,D,E0,B,X,B,YX1,A,329,4106,12
57,ID919,N,B,N,D,N0,B,V,B,YX1,B,1245,4147,14
58,ID920,N,A,E,D,E0,A,W,B,YX1,A,329,4147,7
59,ID923,M,B,E,D,E0,A,X,D,YX1,A,329,4106,10
60,ID924,O,B,N,C,N0,C,S,D,YX1,A,1245,4106,12
61,ID925,L,B,E,D,E0,A,X,D,YX1,A,215,3009,9
62,ID926,N,B,N,C,N0,C,S,D,YX1,A,1110,4147,11
63,ID927,N,A,E,D,E0,B,S,D,YX1,B,329,4106,9
64,ID928,O,A,E,D,E0,B,T,D,YX1,B,215,4147,9
65,ID929,N,A,E,D,E0,B,S,D,YX1,B,329,3009,10
66,ID930,N,A,E,D,E0,B,V,D,YX1,A,329,4106,13
67,ID932,O,A,E,D,E0,B,W,D,YX1,A,215,4147,15
68,ID934,N,A,E,D,E0,A,S,D,YX1,B,215,4147,7
69,ID936,M,B,E,D,E0,A,X,B,YX1,A,329,4106,10
70,ID938,L,A,E,D,E0,A,W,B,YX1,A,530,3009,9
71,ID939,O,B,E,D,E0,A,W,B,YX1,A,215,3009,7
72,ID940,O,A,E,D,E0,B,T,D,YX1,B,215,4106,8
73,ID941,L,A,E,D,E0,A,V,B,YX1,A,1113,4106,8
74,ID942,N,A,E,D,E0,B,U,D,YX1,B,329,4147,8
75,ID943,O,A,E,D,E0,B,S,D,YX1,B,215,3009,9
76,ID944,J,B,E,E,E0,B,X,D,YX1,A,1018,4106,12
77,ID945,L,A,E,D,E0,B,T,B,YX1,A,1110,4147,6
78,ID946,L,A,E,D,E0,B,U,B,YX1,A,1245,3009,6
79,ID947,O,A,E,D,E0,B,V,B,YX1,A,1110,4147,11
80,ID948,N,A,E,D,E0,B,U,D,YX1,B,1110,4106,11
81,ID949,N,A,E,D,E0,B,W,B,YX1,A,1245,3009,13
82,ID950,N,A,E,D,E0,B,U,D,YX1,B,1245,4147,12
83,ID951,O,A,E,D,E0,A,T,C,YX1,B,2823,4147,8
84,ID952,N,A,E,D,E0,A,U,C,YX1,B,1110,3009,9
85,ID953,N,A,E,D,E0,A,W,B,YX1,A,1110,4147,7
86,ID954,O,A,E,D,E0,A,T,C,YX1,B,1245,4106,9
87,ID955,L,B,E,D,E0,A,X,B,YX1,B,530,4147,9
88,ID956,N,A,E,D,E0,A,U,C,YX1,B,1245,4106,6
89,ID957,L,B,E,D,E0,A,W,B,YX1,B,1113,3009,7
90,ID958,O,A,E,D,E0,A,S,C,YX1,B,2823,4147,6
91,ID959,N,A,E,D,E0,A,V,D,YX1,A,1113,4147,12
92,ID960,N,A,E,D,E0,A,T,C,YX1,B,1110,3009,7
93,ID961,N,A,E,D,E0,A,W,D,YX1,A,1018,4106,14
94,ID962,O,A,N,D,N0,A,X,B,YX1,B,530,3009,8
95,ID963,N,A,N,D,N0,A,W,B,YX1,B,1113,4147,6
96,ID964,N,A,E,D,E0,A,T,B,YX1,A,215,4106,6
97,ID965,O,A,N,D,N0,B,V,B,YX1,B,2823,4106,14
98,ID966,N,A,N,D,N0,B,W,B,YX1,B,1110,4147,11
99,ID967,L,B,E,D,E0,B,S,C,YX1,A,215,4106,11
100,ID968,L,B,E,D,E0,B,S,C,YX1,A,329,4147,13
101,ID969,N,B,E,D,E0,A,V,D,YX1,A,530,3009,14
102,ID970,N,A,E,D,E0,B,W,D,XY1,B,1110,4106,6
103,ID972,O,A,E,D,E0,B,V,D,XY1,B,1245,4147,9
104,ID973,N,A,E,D,E0,A,W,B,YX1,A,215,3009,7
105,ID975,L,A,E,D,E0,A,V,B,YX1,A,215,3009,14
106,ID977,N,A,E,D,E0,B,X,B,YX1,A,2823,4147,11
107,ID978,M,B,E,D,E0,A,X,B,YX1,A,329,3009,7
108,ID979,O,B,E,D,E0,A,X,B,YX1,A,329,4106,6
109,ID982,O,A,E,C,E0,A,W,D,YX1,A,1113,4106,10
110,ID984,O,A,E,C,E0,A,V,B,YX1,A,530,4106,14
111,ID986,N,A,E,D,E0,A,W,D,XY1,B,1018,4106,1
112,ID988,N,A,E,D,E0,A,W,D,XY1,B,1018,3009,2
113,ID989,N,A,E,D,E0,A,W,D,XY1,B,1113,4147,3
114,ID990,N,A,E,D,E0,A,W,D,XY1,B,530,4106,4
115,ID991,N,A,E,D,E0,A,W,D,XY1,B,1018,3009,5
116,ID992,O,A,E,D,E0,B,U,C,YX1,B,1110,3009,9
117,ID993,N,A,E,D,E0,B,T,C,YX1,B,1245,4106,10
118,ID994,L,A,N,D,N0,B,W,D,YX1,B,530,4106,9
119,ID995,O,A,E,D,E0,B,S,C,YX1,B,1110,3009,10
120,ID997,N,A,E,D,E0,A,X,B,YX1,A,215,4106,7
